,tweet
,0
0.0,"Yo te saquÃ© un dÃ­a de allÃ­ y me encadenÃ©. Te obedecÃ­ hasta donde pude, mi genio amor"
1.0,"Feliz cumple al gran @pablitomush, genio y figura! EntraÃ±able compaÃ±ero y brillantÃ­simo profesional. Te sigo desde Cemento, bah... desde el cemento del Poli"
2.0,"John Lennon nuestra tierra 
La condiciÃ³n humana : Un genio de la mÃºsica traduzcamos  su letra :â€ Imagine there is no heavenâ€ ,en  YouTube traducido como : â€œimagÃ­nate allÃ­ no hay paraÃ­so (bÃ­blico) â€œ 
1/"
3.0,@tiagomatos02 GÃ©nio incompreendido
4.0,"@___aaddrriiaann Buah vaya genio, estuve torpe, debÃ­ hacerlo"
5.0,@Fiftypesetas Jaja! Eres un genio del humor!
6.0,@nikogf97 @panchoelporras @marca Lo importante que un bruto madridista medio entienda ğŸ¤£ğŸ¤£ se lo regalaron al polaco un jugador que no regatea ni asiste no se puede comparar con messi el mayor genio del futbol mundial que tiene una vision superior al resto goles regates asistecia el polaco ni en sueÃ±o lo tieneğŸ˜‚
7.0,"AquÃ­ el genio de los negocios, perdiendo como siempre. https://t.co/YRewZh51Pe"
8.0,@homeoffighters Como un genio atrapado babyğŸ¶ğŸ¶
9.0,@SomosVersusPY @Universo970py @SomosGENAhora Genio los Romeros. Hace meses no juegan oficialmente en algÃºn club pero todos los programas deportivos le dedican espacios..
10.0,QuÃ© buena serie The Office. Michael Scott un genio incomprendido en su Ã©pocağŸ˜¹
11.0,"Te obedeci hasta donde pude, mi genio amor!"
12.0,"En sustantivo mismo se evidencia el Abuso de tÃ©rminos como ""crack"", ""genio"", ""maestro"", ""hÃ©roe"" y demÃ¡s denominaciones para reaccionar ante un evento que apenas destaca en la cotidianidad."
13.0,Va genio y entre las 3 partidas no carga una sola mano https://t.co/oOgR2vJaev
14.0,"noche mÃ¡gica ayer! conocÃ­ a mi Ã­dolo, estuve en su concierto, encima toca todos mis temas favoritos y pude decirle cuanto le admiro. Un genio inigualable GinÃ©s @wallsitoo desde PanamÃ¡ un abrazo enorme!â¤ï¸ 21/01/22 https://t.co/R3TGF540fg"
15.0,"@prosperoventura Si porque el HDP de @jimmymoralesgt  dijo que era un genio, genio, pero para huevearse el pisto."
16.0,@DannyRangelGDL @econokafka SÃºper genio!!!
17.0,@AlexaSeqda Bueno solo tengo que decir; pobre del papÃ¡ con ese genio x2 hahahahhahahahah!!
18.0,@DanPeralta79 @CheloEspinozaL @gabrielboric Pero es la verdad lo que dice
19.0,"@AzulYRojo_ @SergioChouza Genio lis K siempre que sale a luz algo que e despuÃ©s no se cumple siempre argumentan que es una fake. Es muy bueno para la polÃ­tica que se reconozcan los errores. Cuando el dÃ³lar con el impresentable de Macri se fue a $29 lo salieron a matar, no veo que los k ahora lo hagan"
20.0,"@DanPeralta79 @Camisama__ @gabrielboric Si viene de la dictadura, a la mujer no se le veÃ­a como ahora y los militares no las respetaban. Tiene toda la razÃ³n Boric"
21.0,@mdelosa_22 Que genio!
22.0,Estos primeros 10â€™ de juego son intensidad pura como le gusta al genio. Falta la puntada final nada mÃ¡s. Vamos #LeedsUnited !!!!!
23.0,"@g2_jose @MaxKaiser75 @FelipeCalderon A ver genio, ellos ya no estÃ¡n en el poder, Â¿sÃ­ sabÃ­as? Y amlo con el poder actual no los toca!! Y prometiÃ³ que irÃ­a por ellos!! Todos corruptos. 

Pero amlo tiene que repetir todos los dÃ­as que son â€˜diferentesâ€™ para convencer a la borregada, pues en los hechos, NADA."
24.0,"@ArturoDP4 Esa si se va a estrenar, y nos darÃ¡ mucho gusto y satisfacciÃ³n porque fuÃ© una creaciÃ³n magnÃ­fica a favor del pueblo, una obra maestra hecha en MÃ©xico por un genio, mi cotton head.
@lopezobrador_"
25.0,"Si tienen una C64, no duden en hacerse del unijoysticle o incluso pueden armarlo ustedes porque el genio de @ricardoquesada libero los esquemÃ¡ticos 

https://t.co/uXW3oCezL0"
26.0,"Wordle (ES) #16 3/6

ğŸŸ©â¬œâ¬œâ¬œâ¬œ
ğŸŸ©â¬œğŸŸ©â¬œğŸŸ¨
ğŸŸ©ğŸŸ©ğŸŸ©ğŸŸ©ğŸŸ©
SI ES QUE SOY UN GENIO (no) 
https://t.co/Ke0LNQXj3y"
27.0,@ceeeliajc soy un genio
28.0,@dmbatlle Genio ğŸ™‚âš½
29.0,un maldito genio https://t.co/S7HNj1uNk3
30.0,NO JODAS GENIO https://t.co/r5bIzYhaTS
31.0,@CaroVB23 Que imbÃ©cilâ€¦ Asumo que el es un genioâ€¦
32.0,Genio! https://t.co/h2x9GT0btT
33.0,"@AngelVerdugoB No, genio y figura hasta la sepultura, chango viejo no aprende maroma nueva, con la pena Don Ãngel."
34.0,@He23Leo @Bleideser Carl mid vs genio al 11 pe parece que en @FeyAlegriaPeru no te enseÃ±an bien
35.0,@GarciaSabrinaS @FrancoG60469074 @MEstradaF_07 @tancausse @AntoineMeneses @ArielPitaF @HumbertoCHernn2 @AlexAlvarado_CU @Abraham_RC_15 @turquinauta @JorgeLu66410108 Lenin fue un genio que supo interpretar a Marx y construir el primer paÃ­s socialista fe la historia. Grande entre los grandes
36.0,"@Pemex @Pemex_DeerPark Ya maÃ±ana o pasado debe de estar la gasolina mÃ­nimo a 12 o 15 , bendito dios t amamos lopitos eres un genio , no se desesperen chairos va a haber chamba pa todos en la refinerÃ­a"
37.0,"@ValentiEsteban Esteban quedas pegado al pedo 
Primero en la paz y AVDA libertador hay hecho un sistema de drenaje para que esto no pasarÃ¡  y paso sabes porque genio por falta de mantenimiento es sÃ³lo eso MANTENIMIENTO y no culpo a cosse , la responsabilidad es directamente de quiÃ©n estÃ¡ a cargo"
38.0,"Jajajajajaja genio y figura @jerofreixas 

ğŸ‘ğŸ¼ğŸ‘ğŸ¼ğŸ‘ğŸ¼ https://t.co/Xamnd6Mern"
39.0,"A Gerardo Romano le sale tan natural el personaje, un genio"
40.0,"@Famooush Ey! Muy buenas Yerar! Gracias por dejar tu laik, seguÃ­ asÃ­ genio!"
41.0,"Asi es LÃ³pez Obrador, un hombre sin conciencia, aun sienta morirse no va a ceder nada de lo que segÃºn el tiene derecho. Genio y Figura por desgracia LÃ³pez Obrador es asi. https://t.co/EeQOFaYFhp"
42.0,"Cuando se habla de experiencia â€”en arte,polÃ­tica,moral,etcâ€”casi nunca se habla de sexo. Al parecer sigue siendo un tabÃº,algo que no vale la pena hablar. Por eso Chris Kraus sigue siendo tan potente. Me lo cogÃ­ y le robe un catÃ¡logo,dice. luego describe el sexo y el catÃ¡logo.Genio"
43.0,"#22Ene de 1803, siembra de MarÃ­a Teresa del Toro y Alayza. 

""Si no hubiera enviudado, quizÃ¡s mi vida hubiera sido otra; no serÃ­a el General BolÃ­var ni el Libertador, aunque convengo en que mi genio no era para ser alcalde de San Mateoâ€ SimÃ³n BolÃ­var #VenezuelaTierraDePaz https://t.co/qgKOpZkA2F"
44.0,"@Contracurva Ya pasaron dos aÃ±os genio , necesitas mÃ¡s tiempo????Caraduras. ğŸ˜¡"
45.0,@RPendenti Jajajja Gracias! Que genio!!
46.0,A este punto de mi vida considero que el politico mas habil que existe en el pais es el alcalde de moche. Un pequeÃ±o genio atado a un distrito irrelevante.
47.0,"@SirChandlerBlog Sos un genio Sir!! Que buen dato que tiraste!!
Desde la app me deja seleccionar la de 15us! Si bajas un poco el cursor. https://t.co/ItfZqzDjQo"
48.0,@tavitoa87 Gracias genio!
49.0,@xavsends @HUEZZUL @marielamona70 @Eduradoblock @vasconez_emilio FÃ¡cil no quieren informales... Dales trabajo formal genio.... 625 al. Mes te sale un empleado con salario bÃ¡sico indexado...
50.0,"@infobae No pueden con su genio...son trolas ,es al p2"
51.0,"""Sin ingredientes mÃ­nimos de viabilidad ni genio para vislumbrar el imprevisto y sacarle provecho, toda construcciÃ³n de expectativas quedarÃ­a en simple ejercicio de imaginaciÃ³n"". No se pierdan este nuevo excelente artÃ­culo de @Mibelis https://t.co/AVNScaTtC4"
52.0,Todo un genio el patÃ©tico CuitlÃ¡huac https://t.co/GsjHE7qXFG
53.0,"@catapulidoanker Que se espera con el genio del  burric . sus seguidores lo idolatran lo miran como dios si no fuera tan hueon le tendria respeto,muchos se creen genios y votaron por el mas hueon ."
54.0,@facutorresss Genio
55.0,@LolaneuroMD C Tangana es un genio.
56.0,"Gracias, votante socialista, eres un genio.

https://t.co/hZk9EloVXj"
57.0,Hay personas que tienen un genio de mierda.
58.0,"@HELI_US @HelenaVillarRT ğŸ¤£ğŸ¤£ğŸ˜…ğŸ˜… SeÃ±orita genio...Â¿Me podrÃ­a decir quÃ© hacen tropas yankees a miles de millas de USA, en Ucrania?"
59.0,Genio! https://t.co/qyvj8cpAya
60.0,@sisosrebobo @metangolesporfa @Encuest4sFutbol Pero la copa america es una libertadores jajajajaj ğŸ¤£ğŸ¤£ğŸ¤£ğŸ¤£ gracias genio con eso salvaste a mi perro
61.0,"La voz de mi generaciÃ³n, de todo lo que nos pasa.
Genio y figura. https://t.co/IuaoauqFl8"
62.0,Hoy en #ArgentinaEnVivoVerano estuvo el gran @LaDadyBrieva y comentÃ³ que habÃ­a estado @etupito viendo su espectÃ¡culo. Un genio Dady
63.0,"@Gusjuarez63 @Vawe No, no tengo idea, por favor, iluminame, genio de las matemÃ¡ticas, PitÃ¡goras de la redes sociales, maestro de las academias Twitter."
64.0,"@VHFCD @ActualidadRT Que respuesta, eres un genio, un super dotado de inteligencia, por si no sabes eso se llama sarcasmo."
65.0,Genio hiciste exactamente lo contrario SUBIR LOS IMPUESTOS @LassoGuillermo. Como usted mismo dijo tomÃ³ el camino fÃ¡cil. https://t.co/Ql1b0EgA46
66.0,@_belenaza Daniela Chavez como ministra de relaciones exteriores o de economia
67.0,"@ricky_martin Genio! Hace unos AÃ±os termine de leer un libro tuyo, te Admiroooo, te quierooooo"
68.0,@jotaacasteleiro @pedrosaezarenas Genio
69.0,@fafomio @GORILALIBERTAR1 Genio
70.0,Puta que cansa ser un genio weon
71.0,"â¡ #ahora #AlAire #Radioactividades

â¡ï¸ #JuanVerdaguer #genio del #humor
â¡ï¸ #Serrat #Laradioconbotas 1984

ğŸ“» AM1050 FM94.7 Radio Uruguay y la Red PÃºblica de FM
ğŸ“² https://t.co/tn7FsYV75P https://t.co/iKlCLwjKab"
72.0,"Que cumplas aÃ±os el mismo dÃ­a que mi hermano mayor sÃ³lo lo hace mejor.

FELICIDADES FIERA CRACK GENIO MASTODONTE MÃQUINA BESTIA https://t.co/TdOJkDhg9u"
73.0,Jero es un genio. https://t.co/yKtKeXYDBz
74.0,"@martiiin76 @Guiyyyote @infobae Genio, desde que asumiÃ³ Alberto estamos teniendo un ajuste atroz, fÃ­jate la inflaciÃ³n, lo que hicieron con las jubilaciones y la devaluaciÃ³n del dÃ³lar, tenemos 50% de pobreza, eso es ajuste capo."
75.0,Es un puto genio! https://t.co/erLSNskay7
76.0,"@askomartin buen dÃ­a,podrÃ­as subir x acÃ¡ la entrevista que le hiciste esta semana a los chicos que hicieron viajes de estudios, con los cuales estuviste el dÃ­a martes.Sos un genio, tus notas durante esta pandemia en principio x A24 y ahora en la Nacion+, son las mejores siempre!"
77.0,"Yo no estoy para aguantar el mal genio de nadie, ya suficiente tengo con el mÃ­o."
78.0,@Ebonialian Genio! A mi me gusta mucho... Pero es un poco jodida de agarrarle la mano al principio
79.0,"@SofikaVikinga2 Para que no estÃ©s mal genio mi @SofikaVikinga2 
Ellas tienen sexo mosotras paz . https://t.co/jCnu9dTe7b"
80.0,@Tomas_RBB3 Eres un genio ğŸ˜‚
81.0,Y si te pasas de AGUA eres un genio? https://t.co/gtVHF7UtbO
82.0,"@dfarranz @moisestve @maguimira @teatroQSF @JCimarro @rtvenoticias QuÃ© genio habÃ©is tenido en el programa. Una interpretaciÃ³n magistral, la suya de Molly Bloom. Con una interpretaciÃ³n con miles de matices, sin sobreactuar. Una maravilla!"
83.0,@fotosvdea Venga que ya no te queda nada genio!!! Recuperate!! ğŸ˜œ
84.0,@leonelangello9 No! Ã‰se RataCriminal de Meade es un Mago/Genio para desaparecer $$ sobre todo si es de la Hacienda PÃºblica (de Todos) en su beneficio y de RatasCriminales similares a Ã©l.
85.0,"@Cachaoficial Cual es tu dupla?, genio!"
86.0,@Lupo55 Si gastas en funciÃ³n de lo q ganas no necesitas pedirle plata a nadie genio...pero q te puedo explicar a vos si sos un pan triste...
87.0,@CarlosSam02 @TallarinQantico Pero el carro blindado me imagino que es de un empresa privada si o noooooo genio
88.0,"@BrumarioRMadrid @FrandeLeon1990 o si Fran, eres todo un genio, que ocurrente! Jerez y ropa de invierno norteÃ±a,muy talentoso tu tuit. Â¿Quieres un puesto en nngg? SÃ³lo para mayores de 35"
89.0,"@peronchopincha @FerIglesias PerÃ³n le pagÃ³ 6.000 millones de dÃ³lares a los ingleses por trenes obsoletos y una concesiÃ³n que finalizaba a los 6 meses.
Un genio de los negocios. Cuanta falta de lectura."
90.0,"@jimmymoralesgt vos h de la gran p uta ya se entrego tu ğŸ€rata valiente, buen lider y hasta genio"
91.0,"Feliz cumpleaÃ±os mi genio amor, te amo Siempre mi abi hermosa, ojalÃ¡ seas eterna mi viejita
Te amo con la vida ğŸ’šğŸ’›"
92.0,Un verdadero genio @brozoxmiswebs https://t.co/ageXpLHSOU
93.0,@HenryChinaski67 Genio
94.0,"#22Ene de 1803, siembra de MarÃ­a Teresa del Toro y Alayza. ""Si no hubiera enviudado, quizÃ¡s mi vida hubiera sido otra; no serÃ­a el General BolÃ­var ni el Libertador, aunque convengo en que mi genio no era para ser alcalde de San Mateoâ€ SimÃ³n BolÃ­var #VenezuelaTierraDePaz https://t.co/JR9gJDUzwI"
95.0,Que genio elon musk el que es dueÃ±o de spacex se que no quiero hablar mucho de Ã©l pero como esta ayudando y la verdad un fenÃ³meno a nivel mundial y conocido.
96.0,"IlustraciÃ³n para tema sobre tipos de botella de vinoğŸ· #DavidBowie y #TheJeanGenie el genio en la botellaâš¡
-
#ilustracion #illustration #ilustradoreschilenos #Wacom #WacomArt #Bowie https://t.co/AnvZVyIFaN"
97.0,@Pedrag17 @Noriie_10 Ya no los perderÃ­an para un partido sino para dos...genio
98.0,"@Saetabis2 @eltitomartii @xmorata21 @Meendii__ Gran argumento, estoy asombrada ante tal genio ğŸ‘ğŸ‘ğŸ‘ğŸ¤£ğŸ¤£"
99.0,"Wordle (ES) #16 2/6

â¬œğŸŸ¨â¬œâ¬œğŸŸ©
ğŸŸ©ğŸŸ©ğŸŸ©ğŸŸ©ğŸŸ©

https://t.co/fv8zJUUVA1

primer dÃ­a en esta verga y ya soy un genio"
0.0,@julianavllgr1 Ayy julii me va a hace llora t amo banda nena grax x ser como sos conmigo sos tdo lo q esta bien q la vida nos mantenga 100pre juntas t amo hoy y 100pre x mas aÃ±os juntasğŸ’–ğŸ¤—
1.0,"Tus aus son lo mÃ¡s hermoso del mundo izzy ten eso presente no sabes cÃ³mo los amo escribes re lindo ğŸ¥º gracias porâ€¦ â€” Gracias, cielito :( sos un amor ğŸ’—ğŸ’—ğŸ’—ğŸ’—ğŸ’—ğŸ’— https://t.co/62Ojw4i058"
2.0,"Me gusta todo lo que sos y un poco mÃ¡s
El barrio queda sin luz cuando no estÃ¡s
Las caras cambian todas cuando vos llegÃ¡s
La noche te sigue mientras vos girÃ¡s
AcÃ¡ todos mueren por verte fumar
Tu magia estÃ¡ cerca y protege el lugar
AhÃ­ voy a querer estar
Donde tu risa me saca a bai https://t.co/vKFbaWD1Mz"
3.0,"Haces pis en la cocina cuando me voy, rompes bolsas de basura, si nos olvidamos de guardar algo de comida, vas y lo escondes en mi cama ensuciando todo, ladras como un hdp... Pero sos el perrito mÃ¡s lindo de todo el mundo, mi cachorrito bebÃ© ğŸ˜ğŸ˜ğŸ˜ğŸ˜ https://t.co/Yanb5PbPpz"
4.0,"@culturaliteral1 @Iaraaroffi Nunca, como te explico que quiero todo con vos y que sos lo mÃ¡s lindo de mi vida"
5.0,Sos lo mas bonito que me paso ğŸ˜­ğŸ˜­ğŸ˜­ğŸ˜­ğŸ˜­ https://t.co/mk4b8I96bJ
6.0,@Joellacamoire1 Sos lo mÃ¡s amigo â¤
7.0,"channie t amo mucho gracias por estar conmigo cuando mas lo he necesitado, sos la persona perfecta que todos necesitamos en esta vida, tu haces que todas las personas q te apreciamos se alegren de tenerte en su vida, chris eres la persona mas hermosa que existe &lt; 3"
8.0,Y creeme que sos lo mas parecido a eso del supuesto amorâ™¥ï¸
9.0,@RebbecaDo10 @StellaRICCI10 Te lo digo por 20 aÃ±os de experiencia en esa tortura...la que tiene que tomar la decisiÃ³n sos VOS!! Al principio queres estar equivocada y contestas pero cuando te tomas segundos y te preguntas Â¿para que y quiero eso? Se te hace mÃ¡s consciente y no respondes.
10.0,@TanaFerro90 Sos lo mÃ¡s mejor del mundo mundial. Sorry
11.0,A la vida Grecias porque me puso en el momento exacto para poder vivir todo lo que has representado como profesional. Todo el mundo sabe que te amo y que para mi sos lo mÃ¡s grande que he tenido la oportunidad de ver y de disfrutar. FELIZ CUMPLE @adrianramosla20 TE AMO https://t.co/UTvidWSsoR
12.0,"@lea_alves Que suerte,un hallazgo en estos corruptos, no?
Terminaron el tema con Palestino?
Lo mÃ¡s importante,le pagaron a Carrefour el dÃ©cimo arreglo que incumplen?
O levantaron todos los cheques rechazados?
Ya que SOS vocero ,nos avisas?"
13.0,"Dan pena, asco y vergÃ¼enza vagos hp @AsambleaEcuador aprenda sr @LassoGuillermo en sus manos estÃ¡ en hacer lo correcto! O solo pasarÃ¡ a la historia como el hombre de las vacunas y nada mÃ¡s, x cierto yo le di mi voto y aÃºn confÃ­o en UD. @VillaFernando_ SOS https://t.co/aYInEzGKKc"
14.0,Greenwood sos lo mÃ¡s comilon que existe hijo de puta
15.0,"@Daiana8927 sos la mÃ¡s linda de todas, no dejes que un pelotudo te haga sentir lo contrario, te amo muchÃ­simo â¤ï¸"
16.0,LO LINDO Q SOS NO DOY MÃS @Stray_Kids https://t.co/eeZtOtT51n
17.0,@Mary_Land69 Ahhh sos lo mÃ¡s ! Gracias reina
18.0,"@phede No lo digo como purista o moralista: yo pierdo con los santamarias en el poder. Todos perdemos. Por eso creo que el larretismo es una via muerta, con la mafia o sos mÃ¡s mafioso o te borran, no negociÃ¡s para que te dejen tranquilo. QuÃ© pasaria con un pata medina en caba, por ej?"
19.0,"despertarme y volver a ver tus fotitos hermosas me llena el alma de cariÃ±o, sos una personita tan preciosa, tus hoyuelitos y tus ojitos son lo mÃ¡s bonito que vi en el universo, sos mi pequeÃ±a lucecita de cielo brillante, te amo tanto estrellitağŸ¤ https://t.co/j8b8sLxmnp"
20.0,"Quiero todo con vos, y demostrarte que sos lo que mÃ¡s quiero en esta vida, y que sos la mina mÃ¡s especial, mÃ¡s hermosa y Ãºnica, sos un Ã¡ngel, y te quiero en mi vida siempre, es mucho pedir?"
21.0,"@Rodolfo_Treber TenÃ©s un postgrado en economÃ­a de 1940 y crees q eso aplica hoy?

Sos tan gil que te crees esa idiotez? 

Hoy la tecnologÃ­a y el saber producen mÃ¡s dinero q las industrias y el campo

EstÃ¡s 80 aÃ±os atrasado en economÃ­a, no lo estÃ¡s entendiendo

Los Ã±oquis no deben omitir opinion"
22.0,@PatoBullrich @lanacionmas Vos estas del lado de los delincuente vieja borracha sos una cara dura lo unico que saben hacer ustedes tweetiar nada mÃ¡s porque gobernar ni saben ni supieron
23.0,"No , nada que ver yo estoy mÃ¡s enamorada que nunca ...noooo lejos , te quiero , sos mi mejor amigo , espero el dia que me invites a tomar algo y la primera palabra que te voy a decir , me invento que me sonreis ...en mi mente , lo que pasa ez que estoy  https://t.co/DB67w8ScUI"
24.0,"@nikyinlove @onlinemami_ Y que te inquiete todo lo que quieras! 
El ignorante acÃ¡ no soy yo, 
Y que quieras llevar todo por el camino de la gordofobia te hace idiota a vos, no a mÃ­, yo nada mÃ¡s preguntÃ© algo, y estÃ¡ la gente que sabe responder, y la que no, y no sos del primer grupo, saludos."
25.0,"Sos la niÃ±a mÃ¡s hermosa que dios me dio en esta Vida âš˜â£
Enamorada de lo que sos mi bebe ğŸ˜ https://t.co/iJA06Uxgd3"
26.0,"@OPetinatti SOS una mierda de persona ,sabes la caridad de gente y la mayorÃ­a de gente joven que se suicida y por ahorcamiento???! una vez mÃ¡s demostras lo miserable ser humano q SOS !!! ojo que vos tenÃ©s hijos ,que nunca te pase que caigan en una de deprecion !! https://t.co/FHAyFPM1M4"
27.0,@rodrigolussich sos todo lo que estÃ¡ bien!!!! humilde y divertido! te adoro y te  voy a seguir a donde vayas Si me respondes me haces feliz : por quÃ© no pusieron mÃ¡s las ovejitas?
28.0,"Odio cuando quieren solucionar su falta de respeto poniÃ©ndote un billete arriba de la mesa. La calidad humana, la humildad, el respeto y todo lo que te caracteriza como persona la plata no la compra. Porque va mÃ¡s allÃ¡, lo q haces es lo q sos."
29.0,@tylrstark lo voy a leer Y voy a hacer q el babytalker sos vos asÃ­ me rÃ­o mas
30.0,"la paz que me das es tan grande, gracias por cada uno de tus abrazos, sos lo mas calido de este mundo ğŸ˜­ğŸ’™ #BangChan https://t.co/uu2Pp2nMYo"
31.0,"Tranquilo pa' siempre es lo mismo...Te ilusionas,te le confiesas,hablan bien,te dice que tambiÃ©n le gustas,y luego te enteras que sos un color mÃ¡s...Porque para gustos los colores no?ğŸ™„ğŸ‘ğŸ»"
32.0,"Me duele muchÃ­simo extraÃ±arte y mÃ¡s de lo que te imaginas por lo que sos como persona, la calidad, simpleza, confianza y sobre todo alegrÃ­a. Se que te jodi y no querÃ­a ni lo merecÃ­as. Espero que la vida nos encuentre en algÃºn momento porque te quiero y mucho!!! JUST BREATHEâ¤ï¸ https://t.co/7Z9IhSZKey"
33.0,"Imaginate llegar a ser presidente del Congreso Nacional porque todo el Partido Nacional, al que tanto juraste destruir, te llevÃ³ ahÃ­ y luego hablar con tanta tranquilidad y desmesura, solo demuestra lo politiquero que sos. @JorgeCalixHN apestÃ¡s a mÃ¡s de lo mismo."
34.0,@Cabj_1905 @marianoxeneize @messinante10 @BOCAvsELMUNDO pero ves que chiquito q sos englobas solo el 30% de lo q es un club si se midiera por titulos internacionales nada mas... independiente seria el mas grande Argentina bobo
35.0,"@cesaralo Y quiÃ©n lo dice? un hijo de puta periodista mediocre que lo Ãºnico que sabe hacer es meter perico, embriagarse y llenarse de prostitutas en cada mundial al que va? No sos nadie Cesar Augusto, solo uno mÃ¡s de la rosca de mierda de este paÃ­s. Echa mierda, malnacido."
36.0,ma gusta todo lo que sos y un poco mÃ¡s
37.0,sos lo mÃ¡s lindo que tiene el mundo Aye.
38.0,DIOS QUE HERMOSO LE.QUEDA EL FONDO ROJO DIOS MIO TE AMO SOS LO MAS LINDO https://t.co/Jz5t7tjTjK
39.0,"@facutorresss Fua facu, sos todo lo que estÃ¡ bien ! Volve a tu casa cuando quieras ğŸ–¤ğŸ’› siempre te vamos a esperar ! No hay nada mÃ¡s lindo para un hincha que ver adentro de la cancha a un jugador-hincha como vos! Nos enfermas ğŸ¤ŸğŸ»ğŸ¤ŸğŸ»ğŸ¤ŸğŸ»ğŸ¤ŸğŸ»"
40.0,"@Samuel_King_71 @Jxro_ @porquetendencia Es completamente verÃ­dico lo que yo digo, dicho en varios diarios del mundo, la mÃ¡quina de river el equipo adelantado a su Ã©poca al que mÃ¡s tarde se asemejÃ³ la naranja mecÃ¡nica de Cruyff. Si sos tan necio y sabes tan poco del deporte no es mi culpa."
41.0,"@bananafish64 @paulafrigerio1 @sangarciacorre PERO SOS LO MAS PARECIDO A UN PERONISTA, LOS GRÃFICOS SE HACEN PARA QUE LOS DÃ‰BILES DE MENTE ENTIENDAN LOS DATOS CON FACILIDAD. NO LES DA EL PENSAMIENTO COMPLEJO DE MUCHOS NÃšMEROS. SALUDOS Y COMPRA DOLARES.  JAJAJAJJA"
42.0,"Voy a ser re mbore de hoy en mÃ¡s y sino les gusta no me importa. Estoy hasta la madre, en serio. SOS buena persona y te quieren tratar de boluda, SOS rechakuaa como se dice y se quieren aprovechar de vos. Das lo mejor que podÃ©s y no es suficiente."
43.0,"@adriantuc Vos sos la mano derecha de Battaglia? Yo doy mi opiniÃ³n. Si Seba lo tendrÃ­a mÃ¡s en cuenta no serÃ­a la 3ra opciÃ³n para jugar de 5. Recupera? A veces si pero tampoco es un perro de presa y despuÃ©s en ataque no aparece. Es un jugadorcito y para boca no estÃ¡.
El Equi es 3 veces mÃ¡s"
44.0,"@FbiMi6 Sos in seÃ±or que literalmente me dobla la edad y no tengo porque estarte aguantando. Ya es demasiado, son aÃ±os de acoso y de jodedera. Tenes que parar tus ataques contra mi porque ya lo tuyo es odio hermano y sos peligroso. AsÃ­ que o me dejas en paz o esto va a pasar a mÃ¡s."
45.0,@Solpeon2 Jajajajaja sos lo mÃ¡s te observo te analizo y te  respetoğŸ˜‚
46.0,"Deja de pensar q sos el centro del mundo.. 
Sos un perejil mÃ¡s del montÃ³n.. 
Demostraste lo q llevas por dentro.. 
Que clase de padre no cree ,ni le importa q su hijo este enfermo..? 
Que elije quedarse con su nueva novia antes de llevar a su hijo a la guardia.."
47.0,"@carolinachaex Vos vas a poder, sos mas fuerte de lo que crees â¤ï¸
Fuerza bebÃ© ğŸ˜"
48.0,sos lo mÃ¡s tierno que existe ğŸ˜­https://t.co/z9mcSjcxPX
49.0,"Manteniendo una conversaciÃ³n simultÃ¡nea sobre gatos y otra sobre Valenti. Y otra por privado acerca de la marcha del gobierno.
Twitter, sos lo mÃ¡s."
0.0,"@JIGrau Pegarle a Rolon por el pasado .... no se entiende . Ayer jugÃ³ 7 puntos .. banquemos a los jugadores q reciÃ©n llevan un aÃ±o en el club , ahora si puteÃ¡s a Villa , Pavon te banco."
1.0,"MIENTRAS LA DELINCUENCIA CRECE... GUILLERMO LASSO TE SUBE GASOLINA, TE SUBE LOS IMPUESTOS, TE SUBE PEAJE, SE LLEVA LAS OBRAS Q DEJO CORREA, SE LLEVA EL BANCO DEL PACIFICO @uees_ec @UCatolicaEC @PUCE_Ecuador @UnivEcotec @lacentralec @UTMManabi @USFQ_Ecuador
https://t.co/gSyAuKVXIu"
2.0,"Yo te banco, loco. Y entendÃ­ perfectamente a quÃ© vas con tu tuit. Nunca sacamos pecho por estar en todas con Independiente, simplemente sabemos que asÃ­ va a ser porque asÃ­ se vive y se siente. Es de corazÃ³n y eso no se puede manejar. SeguÃ­ expresÃ¡ndote como se te cante la pija."
3.0,hay gente que parece que siempre estÃ¡ en todos lados jqjaja basta no te banco mÃ¡s
4.0,@FerIglesias Muchas gracias Fernando !!!! Te banco a full !!!
5.0,@OfeFernandez_ SOS una crack piba. SeguÃ­ asÃ­ que das un un ejemplo de lo que deben ser los polÃ­ticos. Te banco a muerte
6.0,"@majogm Capaz q si la ubican al costado del banco, izquierda o derecha segÃºn prefiera y ni te digo si la  sientan de frente a quienes se ubican en el banco, para q puedan charlar mas cÃ³modamente, nos evitÃ¡bamos la tinta y el papel q demandÃ³ redactar el proyecto."
7.0,"@vaaaleeee10 Una vez te lo banco, a la noche te lo tolero PERO TRESSS DÃAS GISOO ta loco"
8.0,@Angel_x071 Yo Te La Regalo ğŸ PÃ¡same Tu Correo ElectrÃ³nico y La Tarjeta Del Banco De Tu Madre
9.0,Alguna recomendaciÃ³n de banco donde no te cobren mantencion por la cta corriente? Estoy chato de pagar casi 10 lucas al mes.
10.0,En la prehistoria llame a la @futuro para preguntar por un tema de Kingdom come. No (habÃ­a rrss). Yo trabajaba en un banco y @loboaraneda querÃ­a pedir luquitas para ir a ver a Ghost. Mas de 20 aÃ±os de eso @RainieroGF. La mÃºsica es magia y te acerca seres bellos #ElClubDelVinilo
11.0,"@Danny_Narvaez7 @CCVGA47 Descarga la aplicaciÃ³n de Paypal xoom y acÃ¡ se puede retirar en caja de cualquier banco, te entregan en dÃ³lares si deseas

 Si estÃ¡s en Usa claro"
12.0,"Esa cara de que engancho la practica de cover nomas ya, definitivamente Cerro es su lugar en el mundo, te banco Parce https://t.co/yQfERpf5Un"
13.0,@majogm Te banco
14.0,"@Madelonista @Hugo48669142 @Encuest4sFutbol Ah, el complejo que tienen. Como vas a pensar que me arruinaste el aÃ±o por un clasico? En serio? Banco que seas termo, te lo dije. Pero tenes que ser objetivo hno. Y otra cosa, con que criterio vos te burlas del resultado de una final si lo max que viste es un octavos de final?"
15.0,Pedro SÃ¡nchez era consejero de la Caja que quebrÃ³ y que sirviÃ³ de base para el Banco Malo. No te jodeâ€¦ https://t.co/xcOcU1dtZ3
16.0,"#BBDP ğŸ“£ | Conoce el nuevo servicio que el Banco Bicentenario te ofrece para realizar el pago de tus tarjetas de crÃ©dito ğŸ’³

#TDC 
#BancoBicentenario https://t.co/P8zEltzpyJ"
17.0,"Financiera. La que, cuando comprÃ¡s dÃ³lar en el banco, te obliga a abrir una cuenta ahÃ­ para dÃ¡rtelos."
18.0,"AquÃ­ hay un banco que tiene una financiera cuyo dueÃ±o tiene una distribuidora de productos internacionales.
La distribuidora sÃ³lo recibe dÃ³lar cabeza grande. Como el banco no te los vende, no la cantidad necesaria, comprÃ¡s blue para pagar. NecesitÃ¡s mÃ¡s dinero y vas a la"
19.0,"iria nadando a buscarte, te juro, me muero por llenarte de besos. ni ahi me la banco tanto tiempo mÃ¡sğŸ¥º"
20.0,"Te refieres a los mil dÃ³lares que cara de imbÃ©cil iba a regalar y despuÃ©s dijo que ea un prÃ©stamo financiado por el Banco Central, y que encima, es dinero que nunca produjo?
El lelo es otro https://t.co/JGWfQTVzja"
21.0,@DanteForesi Te banco siempre. En esta no. Abrazo
22.0,@HeptacampeonRC jajahajajaj te banco
23.0,"MIENTRAS LA DELINCUENCIA CRECE... GUILLERMO LASSO TE SUBE GASOLINA, TE SUBE LOS IMPUESTOS, TE SUBE PEAJE, SE LLEVA LAS OBRAS Q DEJO CORREA, SE LLEVA EL BANCO DEL PACIFICO. Playita del Guasmo
https://t.co/gSyAuKVXIu"
24.0,"@TheDarkraimola Hola Darkrai, no te conozco, pero soy una persona a la que le gusta mucho HxH pero le tengo una lista de cosas que me hacen ruido tanto de la obra como del autor, pero a veces siento que es un manga ""intocable"" para la comunidad. Veo que te pasa algo parecido, asÃ­ que te banco."
25.0,"@TwitchES Lo reconozco, soy el que va a ser mÃ¡s fotos por si te interesa algo de lo que necesitas y si no te corre prisa ğŸ˜‰ ğŸ¤· el dinero fuera del banco para poder subir el precio de los mismos y de la tarjeta que se refiere al resto ğŸ˜‰ ğŸ˜ ğŸ¤· ğŸ˜œ ğŸ˜… ğŸ‘‰ de la misma referencia en la foto"
26.0,@TyCSports Messi vuelve ir al banco porque no se siente comodo en el PSG por favor vuelve en el fc barcelona te necesitamos.
27.0,â€œAtencion @TarekWiliamSaab @sundde_ve  el banco bod estÃ¡ realizando un corralito financiero. No deja hacer transferencias a otros bancos ni pago movil y de paso cuando haces la operaciÃ³n te debitan la comisiÃ³n. Estan robandole el dinero a sus clientesâ€.
28.0,"@maciel_mirta Hola Mirta. Mira, la idea de tl es que podamos expresarnos, compartir momentos, situaciones, sentimientos y hasta acompaÃ±arnos. Que uno se queje, dos, tres, mil. No debe hacer que vos dejes de ser o hacer lo de siempre. Te banco! ğŸ™ŒğŸ¾"
29.0,Como te banco emi la puta madre https://t.co/Ilv1RNpHPV
30.0,"@maval23 @NetoJazz El vigilante de un banco: 
â€œUn dia llamÃ© a la F y mo me pusiste una de Led Zepellin
- Pero te puse una de Foghat
- â€œEs cierto! Ya no me acordaba ğŸ˜‰ Adelante jovenazo!â€ 
#OcurriÃ³AsÃ­ â˜ï¸ğŸ˜‚"
31.0,@Zeusitoo_ Amigo ajdjajjsa es mi clip ese te banco
32.0,@syowuu me gusta mucho mas el concepto de que cada uno es responsable de su propio dinero y no de un banco que si ganas 400 pavos de mas te viene hacienda pidiendo 300 gracias xD... ni me gusta estar vigilado.. ni tampoco que se fusione por que quiebre xd
33.0,@Racinguista1903 te banco presi
34.0,@EmaDominguez09 Puto no te banco
35.0,"@edufeiok @edufeiok En esta te banco Edu.
Pero ojo que hay una psicÃ³pata que preside el partido de la oposiciÃ³n y vos la invitas seguido.
Te aviso nomas.
De nada. https://t.co/e6PxKpXe8f"
36.0,@aracalacana Te re banco
37.0,@desmotibot CÃ³mo te banco ğŸ¦
38.0,"@ALBERTOACOSTAB En verdad crees q se corrige un banco, desmantelando su departamento de innovaciÃ³n?? Eres un chiste, pero los q te conocemos sabemos q no lo haces gratis."
39.0,"Y le digo eso es la inflaciÃ³n, por eso te insisto en que no tengas todo el dinero parado en una cuenta del banco e inviertas algo, para no perder poder adquisitivo.

Ahora si entendiÃ³ lo que significaba PODER ADQUISITIVO, otras veces me miraba como si le hablase en chino ğŸ¤£ğŸ¤£"
40.0,@teaminvierno77 Te banco la polenta a morir..pero no hoy. Ya decretÃ© que hoy no se almuerza
41.0,"@Quienes_Saben Los 4 suyos con ayuda de sendero luminoso hacer el caos que hicieron en esa marcha.
Se aliaron con cÃºpula de SL
Yo te apoyo y tÃº rebajas condenas y de paso fueron entrando los tucos al estado d a pocos. 
Vi como quemaron el poder judicial y destruyeron el banco de la NaciÃ³n."
42.0,"@Ditochachi que tu banco se haya fusionado me la suda, buscate una entidad bancaria estable, pero por lo menos estos tienen seguros por si te roban"
43.0,@Francisquito45 @KnightOfToconia @pehpaz @LittleBotijo Si te contara cada cosa q me toca ver flipas. Mientras tanto cobrando a veces 3000 euros al mes el banco no me da un crÃ©dito para comprar UNA y dejar de pagarle la hipoteca a un gilipollas.
44.0,@majogm No me banco la humedad para nada. Me jode los huesos ademÃ¡s del pegote no quiero sol esto me pone de mal humor vivo a las puteadas. Igual te queremos.
45.0,"@LichuPongelli #mÃ©dicos

Te banco de acÃ¡ a MoscÃº ja"
46.0,"Esto es algo que ya sabÃ­amos, ningÃºn banco te va a decir: â€œAh sÃ­ claro, yo te presto mi plata y vos gastÃ¡tela en cualquier cosaâ€. Y honestamente, quÃ© tarde para decir lo obvio, por parte de Doble Check. https://t.co/yUtQxWQOyY"
47.0,"ğŸ¦ Â¿QuÃ© es el Sareb? El llamado 'banco malo' es una sociedad creada en 2012 para dar salida a los activos tÃ³xicos de los bancos rescatados tras la crisis. 

Te lo explicamos. ğŸ‘‡

 https://t.co/in3rwqo2NG"
48.0,"Es el mejor momento para adquirir tu TDC con @heybanco por utilizarla te da puntos cashback, un banco 100% digital mexicano y mejor que un banco tradicional, no cobra comisiones y no pide saldos mÃ­nimos.
#HeyDateCuenta #TeRecomiendoHey"
49.0,"Como no te vam a querer voltear el banco Central 
Por que no vam al tesoro de eeuu a proponer lo mismo jajaaj 

Son unos rochild  flow naturita"
0.0,"@CocoLecciones @MarceloM12 @Lucasvazquez91 @DavidFailtelson borono, zoquete, y sÃºmale el desmayo en la falta de kroos, y las 23 faltas del Elche que acabo el partido con menos amarillas que el madrid si es que estabas mejor en el zoolÃ³gico vaca @ESPNDeportes Madridismo en LatinoamÃ©rica unido contra la lacra"
1.0,"El delantero, votado como el mejor del continente en 2021 en la Encuesta AmÃ©rica le responde a El PaÃ­s, es pretendido por el poderoso club inglÃ©s y todo se cerrarÃ­a en las prÃ³ximas horas. https://t.co/KYUXFSu6NY"
2.0,Bueno ya tuve la dosis de lloradita de sÃ¡bado mientras mamÃ¡ me acariciaba el pelo y me decÃ­a que no vale la pena llorar por un pito corto que no puede apreciar la gran mujer que soy. Me siento un poco mejor â¤ï¸
3.0,la saga d pirates of the caribbean es la mejor del mundo y el q piense lo contrario se puede ir bien a la mierda
4.0,"@petrogustavo Que locura esto, cada quien busca el mejor postor."
5.0,Definitivamente desactivar el visto y la Ãºltima vez es lo mejor
6.0,"@MarianneFreitez @salomonsal @hilmuj @erikadelvolga @ortodentvzla @3mSsantos @gigigrillo23 @aurita29 @raulrivas05_1 @Williamgraffr @maycorito @galanmagabeth @flaviogerdel @MorilloYsmari @deluxfutbol @SoyGato177 @AnglicaAMAR1 @nandourdaneta52 A ver me cuelo aquÃ­ para saludarlos! Buenos dÃ­as â˜€ï¸ mis corazoncitos â™¥ï¸ 
Me diÃ³ risa el comentario de SalomÃ³n pero es verdad, si nos enseÃ±aran desde pequeÃ±os tantas cosas y si algunas no se nos olvidaran por el camino, el mundo serÃ­a un lugar mejor sin duda!
Abrazos!!!"
7.0,"@KOetkinliks el mejor actor y la mejor serie

#AkÄ±nAkÄ±nÃ¶zÃ¼ #Cemal
#Ã–ykÃ¼Karayel #Asiye
#KaderiminOyunu #AsCem c"
8.0,"Tanto tiempo ausente, tantas altas y bajas, grandes anÃ©cdotas por redactar... LÃ¡grimas por doquier, en la cama, en el bus, caminando, tumbado en el sofÃ¡... Siempre sintiÃ©ndome mejor que antes, comprendiendo mÃ¡s la vida, observando todo desde otra perspectiva.
Me siento tan bien."
9.0,a chiza le acaban de quitar el puesto a mejor profe de ingles con el que me toco en la U
10.0,"@Alfred33629167 @gabrielboric Que webean con el tÃ­tulo, seguro que el pelotudo que aÃºn sigue en el poder q estudio en Harvard lo ha hecho excelente? Ã‰l piraÃ±a que su fortuna la hizo cagandose a la gente, se robÃ³ un banco y se cago a su mejor amigo es un ejemplo a seguirğŸ¤¦ğŸ»â€â™€ï¸ supÃ©ralo!"
11.0,"@BlandonJose Y algo hay que dajar para los que siguen. Por ello la mejor polÃ­tica es la de Estado, que planifica a largo plazo y cumple la planificaciÃ³n.

Hasta ahora sÃ³lo hemos tenido polÃ­tica partidista, que cambia el rumbo con cada nuevo gobierno,

Lo Ãºltimo, para el paÃ­s, malo es..."
12.0,"@CaballeroLegen1 @IamTheNico @__Sasse__ @AdolfKillmister Tuve unos Sony que salieron mÃ¡s caros y duraban 6 horas... Por el precio me parece razonable, y el sonido es excelente, mejor que el de los Sony que tuve."
13.0,El mejor de las 4 temporadas de El Marginal? Gerardo Romano.
14.0,"Si quieres una buena alternativa a Jordi Alba, el alemÃ¡n David Raum ha jugado en el Hoffenheim, el mejor lateral izquierdo del momento. @JoanLaportaFCB @JordiCruyff @estimemelbarca @enricmasip5 @FCBarcelona ğŸš¨ğŸš¨ğŸš¨ğŸš¨ğŸš¨ğŸš¨ğŸš¨ğŸš¨ğŸš¨ğŸš¨ğŸš¨ğŸš¨ğŸš¨ğŸš¨ğŸš¨ğŸš¨ğŸš¨ğŸš¨ğŸš¨ğŸš¨ğŸš¨ https://t.co/jnu5OEPYCR"
15.0,"Evadirse de la tensiÃ³n diaria a travÃ©s de la lectura. Creo que no he podido elegir mejor, ni el momento ni el libro. #soberania @Jorgebuxade @fdenaes https://t.co/zThRIGac3I"
16.0,"@EnLiosa Que pena usar un accidente para golpetear al mejor presidente en la actualidad.
Que pena que no voltees a ver a quienes te han esquilmado y te mantienen empinado.
Te pagan por vender el futuro de tus hijos? https://t.co/wMdsU7RPi4"
17.0,Cuando no todo es el #salario: Estos son los motivos que llevan a un #trabajador a cambiarse de #empresa https://t.co/zScWfw7gfy #noticias #actualidad #salario #empleo #laboral #trabajo #trabajadores #empresas https://t.co/0Dr7tFOHYK
18.0,cuando todo el mundo entienda que para tener relaciÃ³n con alguien no hace falta hablar todos los dÃ­as a la gente le irÃ¡ mejor ğŸ˜¶
19.0,"Para mÃ­ el mejor personaje escrito o dirigido por Gunn era Ratcatcher II o Bloodsport, y a la gente le gustarÃ¡ mÃ¡s Vig... Pero es que para ser sincero, Peacemaker ya se ha convertido en uno de mis personajes favoritos de DC tanto en los cÃ³mics, como en su propia serie. https://t.co/qv8mrpgx16"
20.0,"El director de @CenaceMexico expuso que los ingresos que recibe la @CFEmx no son suficientes para cubrir sus costos operativos y que la reforma elÃ©ctrica le permite generar un mejor balance financiero
https://t.co/uIsVgiIjYY"
21.0,"@chioreya @silvia0567 Estos chayoteros es un virus mas daÃ±ino que el ,covid19 , omicron juntos lo bueno kpara desapareserlo esta la vacuna 4T aplicada x el mejor presidente AMLOğŸ˜ğŸ˜ğŸ˜"
22.0,"@Eva_Ortiz_ Buenos dÃ­as linda Eva. 
AsÃ­ es, la mÃºsica tiene el poder de alegrarte o ponerte triste, decidamos mejor bailar y alegrarnos el dÃ­a, que digo el dÃ­a; la vida entera. 
Bendiciones âœ¨ğŸŒº"
23.0,"Escuchar ""TURRAKA REMIX"" es lo mejor para iniciar el dÃ­a"
24.0,"@MissPoirot07 CreÃ­ que el cambio era gente preparada, consciente, sabia y que respetaba la democracia, pero bueno peliteÃ±ida, de eso no hay para buscar un mejor paÃ­s"
25.0,"Amo tanto a mi mejor amigo, que yo creo que el no tiene idea de la magnitud. ğŸ’—ğŸ«‚"
26.0,"@LCUgalde @CFEmx Mejor Csllate el HOCICO Ugalde ,y opina de fraudes electorales ,ahÃ­ si eres experto
#Mexico. https://t.co/d5kuGrRj1R"
27.0,Veo que no fue el mejor partido de Johan y ademÃ¡s jugando de lateral era lÃ³gico que metiera a Cambiaso. https://t.co/f9KPcsvsfS
28.0,"@Damihibibere No desesperes Dios es nuestra mejor medicina, deja que Ã‰l decida por tÃº prima. Recuerda que se haga su voluntad no la nuestra."
29.0,"@exol_chennie_07 Ni la tomes en cuenta, claramente quiere llamar la atenciÃ³n y la Ãºnica manera que tiene es tirÃ¡ndole a alguien que obviamente es mejor que ella/Ã©l."
30.0,"@MondaxJ @HardyTheJoker Pues es un sitio bastante decente, aunque el Natsu para mi es el mejor que hay"
31.0,@kloeid_ El mejor anime de todos ğŸ˜…
32.0,"Hoy me siento mucho mejor despuÃ©s de la recaÃ­da que tuve la semana pasadaâœ¨ğŸ¥° ya, ese es todo el tuit"
33.0,"@geoestratego Mejor el apaciguamiento como con Hitler. Desde de la invasiÃ³n de u Tania hay que hacer lo mismo con Polonia para evitar una guerra?
Los que acumulan tropas y amenazan con invadir un paÃ­s soberano reconocido por Rusia es la propia Rusia."
34.0,"@PreacherFCB Lo mejor de todo es...Que eso en el Palco con Florentino no pasa.A Laporta y el Barcelona le estÃ¡n creciendo los enanos. Damos vergÃ¼enza como CLUB.Que te cojan los basuras de deportes Cuatro o el chiringuito vale,pero que gente de tu palco haga esto. AGÃœITA cÃ³mo estÃ¡ la cosa."
35.0,@Roberto77148119 Que grande Marcelo el mejor tÃ©cnico â¤ï¸
36.0,"@David_Alfafar Pero si estaba jugando en JapÃ³n, no podrÃ­a venir a lo mejor. Villa en las entrevistas siempre dice que de todos los clubes en los que ha jugado, en el que ha sido mÃ¡s feliz es en el Valencia."
37.0,Yo sufria cuando iba a una arepera y le sacaban toda la masağŸ˜«ğŸ˜« Se que es para q quede mejor con el relleno pero god como botaban esa masa https://t.co/UjTWgfWLXo
38.0,@JFCadavid OjalÃ¡ le vaya muy bien por fÃºtbol colombiano. Necesita dosis de humildad de ser menos bocÃ³n y q el balÃ³n demuestre pq @danielruizr10 lo hace mejor y no tiene @FCFSeleccionCol
39.0,"@plexytfurro Sad qwp, espero que te valla mejor en el amor qwp*le lanza chispitas de suerte* hdjshs xD"
40.0,@keigooose LIS ES SPOILER PERO EL MEJOR SPOILER MÃS GUAPO DE LA HISTORIA
41.0,acabo de encontrar el mejor gif de mi vida
42.0,"@ValentiEsteban Mejor asÃ­ te dejas de decir pelotudeces sobre la pandemia, ahhh y trabaja con Michelini asÃ­ ganamos con el NO!!!!"
43.0,"lo mejor que me pasÃ³ el 2021 fue descubrir la canciÃ³n ""Email Me"" alias ""seÃ±or internet"" de JosÃ© JosÃ©."
44.0,"@KOetkinliks el mejor actor y la mejor serie

#AkÄ±nAkÄ±nÃ¶zÃ¼ #Cemal
#Ã–ykÃ¼Karayel #Asiye
#KaderiminOyunu #AsCem b"
45.0,Bueno me voy a votar por el mejor lider que es Chan porque tiene que ganar ğŸ˜‰
46.0,"@Rey_Exito @luisalfredoq29 mejor dicho imposible.. lastima q Vizcaya fallo en el 1ro y Wilking el 2do. xq si no, hoy estuvieramos a ley d un triunfo y el titulo.. igual hoy empatamos esa vaina nojodaaa!!!ğŸ’ªğŸš¢âš“ï¸"
47.0,"ELLA REALMENTE MERECE EL TITULO DE MEJOR NUEVA ACTRIZ
#SnowdropEp12 
#ì„¤ê°•í™” #ì§€ìˆ˜ https://t.co/VQoc1gP6YM"
48.0,"#22Ene ğŸŒ | Banco Mundial dice que los Gobiernos pueden liberar al menos 1 billÃ³n de dÃ³lares al aÃ±o ""para encaminar a las economÃ­as hacia un desarrollo verde e inclusivo"" https://t.co/yTVK8NaxMr"
49.0,"A ver @SergioChouza como te lo explico 

El se garcha a pampita 

A la Ofelia lo mejor que puede conseguir es que la garches vos

Pensalo https://t.co/FG1OlpP8r9"
0.0,@nosoyjoselito_ Es un capo de capos ğŸ˜ğŸ¤™
1.0,"Che, Travis barker es un capo y todo pero Ãºltimamente sus baterÃ­as suenan todas iguales"
2.0,@realityreplies @ElFinanciero_Mx @FGEQuintanaRoo @JustinTrudeau Si es relevante animalâ€¦uno de ellos le lavaba dinero a un capo y era buscado por la DEA Â¿colÃ³ diablos no va a ser relevante? Tas todo pendejo https://t.co/K19JAnEU7Y
3.0,@segundojunta Es un capo el Dipy..
4.0,"@rikymoreno Que es un corrupto, capo criminal, asesino, simulador, manipulador, necio... Hasta aquÃ­ mi reporte."
6.0,"@JorgeCFer Mi opiniÃ³n es que lo escueto del espacio de Twitter, a veces deja poco espacio para formalidades. Creo que a veces en la expresiÃ³n se ve la intenciÃ³n, ya sea de opiniÃ³n o dictamen absoluto. Hoy alguien me escribiÃ³: ""Touche... No habÃ­a visto eso."" Un capo."
7.0,"@fedegalvoa @errasquin10 @josarroma17 @bosersalseo Lo hizo espaÃ±a? No capo Messi hizo todas las inferiores en Newells no llegÃ³ a debutar pero formativamente es de acÃ¡. 
Pero bueno..hablando de fÃºtbol con un mexicano que compite con clubes de CanadÃ¡ tampoco se puede esperar mucho. En toda su liga juegan 3 mexicanos, los peores ğŸ¤£"
8.0,@AllBoysLocura @alboysimagenes @CAAllBoysArg @MundoByN @AlboCapoWeb @albo_capo @Noti_Allboys @Allboysnoti @ALLBOYSd1 @ALLBOYSFLORESTA @AlboDiario Es bueno o malo perder con un equipo de la D ?
9.0,@dynabunnies es un capo panda pero aguante polar
10.0,@AnaAnalia125 El Albert es un capo ğŸ¤£ğŸ¤£ğŸ™„
11.0,"@aCristi63752392 @SimpDeLufu @NotPaloleaks Bue capo, es un decir, media pila XD (lo digo con toda la buena jaja)"
12.0,@elfinancierocr El capo hablando de reglas contra su cartel... ğŸ˜‚.. Es lo mismo que un hipÃ³crita predique de lealtad...
13.0,"@locojuare @MartinLitwak Lo interesante es q el ""capo del trading"" dejo en evidencia su mentira y se armÃ³ su propia corrida la semana q viene.
La verdad no entiendo cÃ³mo estÃ¡ gente llega a manejar un Ferrari. No sÃ© si es una cuestiÃ³n de inteligencia, perseverancia, creatividad o fe."
14.0,"Por si no fuese por el meme no la conociera nadie y solamente la gente de la polÃ­tica, en cambio al tipo lo conoce medio mundo y es un capo porque le cerrÃ³ el culo a Azzaro xd https://t.co/iee8iPA6Bj"
15.0,"@YorryWarthon Asu ese hueon va a salar al brasilÃ£o bolsonaro, ese si es un capo"
16.0,"no, es hermosa, te amo, eres un capo un idolo y me encanta verte feliz, Y LAS LUCES SON RE LINDAS https://t.co/cgQgR0hlDe"
17.0,"@dixietzar un capo, llamar degenerado a los demas y ser un degenerado es lo coherente y no lo contrario"
18.0,@adocni Sacarle guita al Estado no lo es? es un capo
19.0,"Con las bajas temperaturas, los felinos buscan sitios donde resguardarse del frÃ­o. Es frecuente que se cuelen por un agujero hacia el interior del capÃ³ o que se resguarden en el hueco que queda entra las ruedas y la carrocerÃ­a. â¡https://t.co/RulSauF1u5 https://t.co/dpidUn2DK7"
20.0,"@Chascasso @FormuleroPibe03 - Dudo de A.
- Por quÃ© dudÃ¡s de B?
- No dudo de B, dudo de A.
- Pero B es un capo, no podÃ©s dudar de B.

ğŸ˜‚ğŸ˜‚ğŸ˜‚ğŸ˜‚ğŸ˜‚"
21.0,"@SantaFe Se empieza ma,l jugando un mal con una defensa floja gol de saquÃ© lateral,es donde se arma la seguridad en un equipo el capitÃ¡n puede estar en el camerino pero el liderazgo esta en la cancha,sin faltarle al respeto a nadie SantaFe no tiene un capo esperemos es el primer partido."
22.0,Que capo es Faurie ! Que involuciÃ³n pavorosa que sufriÃ³ Argentina cuando eligieron un asado ğŸ˜¡100 aÃ±os de miseria son pocos! ğŸ˜¡
23.0,@contracultural Del Rincon es una lacra un lame pies Con el hay q ser muy capo como lo es el ex Presi Correa q lo ha dejado en ridiculo Pero Castillo con su discursito basico lo va hacer papilla el â€œPegalon y abusador de mujeresâ€ Moyita es la voz como su Asesor xq los q tiene son unos babosos
24.0,@AndNaranjo8 @LosChullasSDQ @SDQUITO @redbull @mafiaazulgrana @MARIDOdela_liga @OteroLuis12 @alunamontalvo @reijournalist @DavichoSilva32 @flaQuitoSDQ 9 millones? Eso es un vuelto para un petrolero o un capo narco. Alguien conoce a alguno?
25.0,Y quÃ© Graduado!! UN capo que nos demuestra con su ejemplo que cerrar oportunidades de acceso universitario al pueblo nos priva de una masa de conocimiento cuyo valor es inconmensurable! https://t.co/VLgrot2eG2
26.0,"@Toluca_capo Vanegas si que es malÃ­simo pero tÃº comentario estÃ¡ fuera de contexto, Colombia no es un paÃ­s de cagada, y ser taxista no es sinÃ³nimo de ser pÃ©simo futbolista, ahora sÃ­ vamos a decir pendejadas tu pareces ratero XD"
27.0,"@DanielUrresti1 SeÃ±or Urresti por su bien y el de todos los peruanos,  si quiere hacer algo por el paÃ­s deje de andar acusando a los fujimoristas, ya que ellos no representan nada hoy en dÃ­a. MÃ¡s bien preocÃºpese por hacer algo por la delincuencia,  que en eso sabemos que usted es un capo..."
28.0,"@HectorCharito @juancampanella Es un capo Macri! En 4 aÃ±os destruyÃ³ el paraÃ­so peronista construido a lo largo de 35 aÃ±os. Si googleas algo de historia Argentina verÃ­as que en 1910-6 Ã©ramos una potencia mundial, con a Irigoyen empezÃ³ la decadencia porque en vez de instituciones aparecieron los salvadores"
29.0,"@fedearg79 @gabipuricelli Capo, es un meme."
30.0,@PenguinsTribe Mi hermano es un capo en python como podrÃ­a hacer para enseÃ±ar en penguin?
31.0,"@JoseBayardi El Ministro Salinas un capo.Hasta le da tiempo de ir al canal y editar vÃ­deos.El problema del periodismo, es que en su gran mayorÃ­a se acostumbrÃ³ estos Ãºltimos 15 aÃ±os a ser obsecuente.Hoy estÃ¡ desorientado y no logra llevar una nota, entonces para que enviarlo a pasar vergÃ¼enza"
32.0,"@NanyMirasolFA @olgasuarez2 Que experiencia tiene una Dra en minerÃ­a, u otra Dra  como ministra del interior
En defensa una veterinaria?
Es un gabinete polÃ­tico. Marcel si es un capo en hacienda.Un Sr , que dejÃ³ el banco central para jugÃ¡rsela por su paÃ­sğŸ‘, ojalÃ¡ le resulte"
33.0,@hrtdoll decile a tu hermano q es un capo x ver a spreen ns
34.0,"Adoro cuando la gente cree que puede lograr algo amenazÃ¡ndome. 
Es como ver intentar hacerte reÃ­r a un mal standapero, intenta todo pero no. Solo me das lastima capo"
35.0,"""Ã‰ste es un clan familiar y de alguna manera siempre lograron protecciÃ³n polÃ­tica"" este caso debe ser investigado minuciosamente por la oposiciÃ³n polÃ­tica.
https://t.co/Us19huq5IM"
36.0,"@LPEmbajadora Herazo 8, ademÃ¡s del gol se muestra y se le ve hambre, respondiÃ³ a las crÃ­ticas con un buen gol y el cabezazo; Larry 9, le falta condiciÃ³n fÃ­sica pero es un capo en la mitad de la cancha; Montero 10, lo del penal es increÃ­ble y nos demuestra que lo que nos faltaba era portero"
37.0,es un capo https://t.co/6JmWk7REN6
38.0,"@SupermanlopezN @AstanaQazTeam Se nota por tus comentarios que no vives en paz contigo mismo, que pena, lo que hiciste fue una rabieta de niÃ±o y debes afrontarlo e intentar mejorar, un capo no se baja de la bici cuando se queda... FÃ­jate en Egan Bernal, es un ciclista, un campeÃ³n y gran compaÃ±ero de equipo ğŸ˜‰"
39.0,@shyrelax1 es el @Togordo23 un capo B)
40.0,"@rogerrxd @dedsafio nimu no es argentina ._.XD?
y spreen yo no lo elegirÃ­a, es un capo pero tiene pinta de q juega medio mal"
41.0,"@AlbertoAgullo @CafeZM @radioclasica @evasandovalRNE @claraconlimon @RobertoQueved10 @JMG196508 Un icono dentro del mundo pianÃ­stico, comenzando por su tonalidad: sol b M (6 b en la armadura), que ha dado muchos quebraderos de cabeza (algunos lo transcriben directamente a sol M, 1 #). No es vanguardista, pero viene de otro mundo, con su hipnÃ³tico da capo, como las Goldberg. https://t.co/uHbOLW9Fcn"
42.0,"WEON DKWBFJW SALIO UNA PARTE DE NAMJOON Y DIJE "" es un capo, lo amo"" JDHWJED Y KAE ESCUCHO ""es un papu, lo amo"" BWBWKSBS HERMANO ME CAGUE DE RISA @kaek1tty"
43.0,@maypsantoss Por que el chabon es un capo y se esta haciendose conocido
44.0,"@JorgeGo74337075 @UnMexicanoDice2 @laracam_007 @KmanuS88 eh aca se habla de bitcoin no de nft capo, el bitcoin es una moneda virtual, que tiene sus propios registros totalmente hermeticos e ""inhackeable"", puesto de que el codigo al encontrar un fallo o cambio no legitimado en bloque, literalmente forma un nuevo registro."
45.0,@KarlPopper1456 Uy no viejo Popper. Juanpis es malÃ­simo. El personaje y el petardo de la vida real. Capusotto es un capo.
46.0,"@InclusionEc @EstebanBernalB @radiocentroec @EstebanBernalB es un capo en temas de polÃ­tica, un gusto escuchar su ponencia, mis respetos Sr. MINISTRO ğŸ‘ğŸ‡ªğŸ‡¨"
47.0,"@LucianoMC7 @julimoretti95 @porquetendencia Pero el mismo pelotudo de queja de que ella vive del estado, cuando el desde que era pendejo lo hacÃ­a, ya su flia era parte del estado!.

Que no escupa para arriba cuando es otro vividor y encima se cree un capo, cuando estÃ¡ en el partido del junto por el cargo."
48.0,"Â¿MENCHO ERES TÃš? ğŸ‘€ğŸš¨ğŸ”«
Â¿QuiÃ©n es el CAPO del #CJNG DETENIDO en el OPERATIVO de #PuertoVallarta  ? FOTOS+VIDEOS
Un miembro de alto mando del CJNG fue capturado por elementos de la Sedena tras un intenso operativo en Puerto Vallarta, #Jalisco 
https://t.co/ThzWxGyNwr"
49.0,"Es un capo   
Me cae re bien ğŸ˜Š https://t.co/qBhLO37u0A"
0.0,"Los riene desconcertados el viejo, hoy aparece aqui maÃ±ana en otro sitio mas lejis luego vuelve y asi los vandalos no saben donde va a aparecer ğŸ’›ğŸ’™â¤ el puto amo ğŸ˜ğŸ¥°ğŸ˜ğŸ¥°ğŸ˜ğŸ¥°ğŸ˜ https://t.co/B7thS6UXoA"
1.0,"@Agora_00 @perico es el puto amo de esos hilo, siempre la lÃ­a y nos engancha a todos ğŸ˜‚ğŸ˜‚ğŸ˜‚"
2.0,No asustarse con mis Ãºltimos tweets sobre #bitcoin . La idea es acertar haga lo que haga y en un tiempo borrarÃ© el que no se cumpla y serÃ© el puto amo. #btc $btc https://t.co/KhIddUUhG7
3.0,@erauncrass @estefano74 Este tÃ­o es el puto amo
4.0,"Arreglada por mi cuenta mi PS3 FAT! Vuelve a leer discos de PS2!
QuiÃ©n es el puto amo??? YO!!!!!"
5.0,"Para los que no lo pilleis, Julio, eres el puto amo. https://t.co/O3Q5g45pQI"
6.0,"@NeoEgarenc El puto amo, partit no, la final de Basiea, un grnade!!!"
7.0,"@Prooteoo El puto amo, el hombre ama lo q hace"
8.0,Tremendo pringao y puto amo el profe https://t.co/83DSLPrhxx
9.0,GUARDIOLA era un pesado pero por q es el puto amo de la tactica pero este vagabundo cabeza de cebolla no empata con nadie. https://t.co/Wzk5dAzMPa
10.0,Es el puto amo de la creaciÃ³n de contenido este payaso alcalde de Moche. ğŸ˜” https://t.co/WrZ0nxF8xO
11.0,@RikiTornado @galtaires Ets el puto amo!!!
12.0,@UnNouMon el puto amo
13.0,"@biwenger El Genio Nabil,el puto amo."
14.0,MARCELINO EL PUTO AMO https://t.co/LYDwZHbUFz
15.0,"@inakiangulo Te estarÃ© eternamente agredido por darme a conocer a Pepe,el mejor antimadridista del mundo y un puto amo. Gracias a Ã©l he empezado a ver la NFL y hasta me he hecho de los Bills...bueno esto ha sido pq en el primer partido que vi apareciÃ³ un tal Allen  que...Hostias!!!"
16.0,"@CarusoManias Que pedazo de actor es Gerardo Romano, el puto Amo sin dudas."
17.0,@CaioAquino2 El puto amo
18.0,@Prooteoo Jajajajaja! El puto amo! ğŸ˜
19.0,Hoy juegan los @packers viene el puto amo @AaronRodgers12 a tomar el control ğŸ˜ğŸˆğŸ‘Œ https://t.co/Cp9fwCzByv
20.0,"Me parece maravilloso.
Se mete con nosotras pero me ha encantado.
Es el puto amo y tiene mis respetos.
ğŸ‘ğŸ»ğŸ‘ğŸ»ğŸ‘ğŸ» https://t.co/t9nOd9vsHJ"
21.0,"Wordle (ES) #16 3/6

â¬œğŸŸ¨â¬œâ¬œğŸŸ¨
â¬œğŸŸ©ğŸŸ©â¬œğŸŸ©
ğŸŸ©ğŸŸ©ğŸŸ©ğŸŸ©ğŸŸ©

soy el puto amo lessgooo

https://t.co/IcROCq1jcw"
22.0,@EmperadorVerde Ahora si que eres el puto ( AMO )ğŸ’™ğŸ’™ğŸ’™ğŸ’™ğŸ’™ğŸ’™ğŸ’™ğŸ’™ğŸ’™ğŸ’™ğŸ’™ğŸ’™ğŸ’™ğŸ‘ğŸ‘ğŸ‘ğŸ‘ğŸ‘ğŸ‘ğŸ‘ğŸ‘ğŸ‘ğŸ‘ğŸ‘ğŸ‘
23.0,@Hespanolazo El puto amo 8 ğŸ‘ğŸ‘ğŸ‘ğŸ‘ğŸ‘ https://t.co/q7tA8bAr2b
24.0,"@IbaiLlanos QuÃ© nos dejas para los demÃ¡s, Ibai. Eres el puto amo la baraja. Cuidau ahÃ­. @sylvandelvalles y si no, desmiÃ©ntemelo"
0.0,"1- Que le guste lo que yo cocino (tampoco es difÃ­cil porque soy la puta ama de la cocina)
2- Que le guste Harry Potter (y leer)
3 - Que estÃ© dispuesto a tener debates filosÃ³ficos sobre casi todo. https://t.co/hWtVZsqBHx"
1.0,hay veces k subo 200 historias porke digo bua soy la puta ama vais a verme 200 veecs pero luego digo joder ke pesada mejor no uso ig huele mal
2.0,"Mi amiga es la puta ama, quÃ© decirte. https://t.co/ka4QdP1KcA"
3.0,"La puta madre me hizo la maÃ±ana el audio de Dai.

Que haces le digo
AcÃ¡ limpiando la cagada de tu hijo, le di para que pinte unas hojas, 2 min le dejÃ© de mirar y pinto su tractor, el piso, el frezer, dejaaaaaaa tu cara noooo ama...
No se escuchÃ³ mÃ¡s nada ğŸ¤£ğŸ¤£"
4.0,@ladesidice Se la puta ama este finde Desiâœ¨
5.0,No sÃ© si tanto pero podemos hablar un rato sobre lo infravalorada que es Hermione? Ella es la puta ama. https://t.co/DZdrMMx0zE
6.0,"Bueno hoy he cogido el coche por primera vez, soy la puta ama me podÃ©is llamar Toretta"
7.0,"Acabo de probar la bolognesa que estoy haciendo para las berenjenas y se me escapo un ""soy la puta ama"". Hablemos autobombo."
8.0,los tÃ­os nunca van a admitir k soy la puta ama por los memes repiola k traigo pero siempre m los van a josear o sea kâ€¦. sigo siendo puta ama
9.0,ME CAGO EN LA PUTA MISA ES TONTÃSIMA. No sÃ³lo es tan gilipollas para caer en el video de la policÃ­a encima menciona a los shinigami y sus ojos. Por dios tanto que ama a Kira y lo estÃ¡ empeorando todo XDDDDD
10.0,@IllisiaCosplay La Motoko de la peli es medio retrasada en comparaciÃ³n a la del manganime que es la puta ama...
11.0,"me estaba sintiendo la puta ama pero cada vez que le daba no era la palabra correcta fbskfjsnf

Wordle (ES) #16 5/6

â¬œâ¬œğŸŸ¨ğŸŸ¨â¬œ
ğŸŸ©â¬œâ¬œğŸŸ©ğŸŸ©
ğŸŸ©ğŸŸ©â¬œğŸŸ©ğŸŸ©
ğŸŸ©ğŸŸ©â¬œğŸŸ©ğŸŸ©
ğŸŸ©ğŸŸ©ğŸŸ©ğŸŸ©ğŸŸ©

https://t.co/NVJkEPDwkE"
12.0,"Mi @carmen_nadales_ no se puede ir!!!  Me encanta!!! Es salir ella y ya una sonrisa en mi cara!!! Y lo estÃ¡ dÃ¡ndo todo en el programa!!! Y perdÃ³n x la palabra, pero es la puta ama!!!"
13.0,Marisa la puta ama ğŸ˜‚ğŸ˜‚ğŸ˜‚ğŸ’– https://t.co/ynNBvOPmkZ
14.0,"@InocenteDuke Jajajajajaaa, puta ama la nota ğŸ˜‚ğŸ˜‚ğŸ˜‚ğŸ˜‚ğŸ¤£ğŸ¤£ğŸ¤£ğŸ¤£ğŸ¤£ğŸ¤£ğŸ¤£"
15.0,"Ayer me besÃ© y tuve sexo oral con el Ãºnico ""crush"" que he tenido.
Mood: sintiÃ©ndome la puta ama."
16.0,"El siempre va a volver a mÃ­, soy la que pisa mÃ¡s fuerte y mÃ¡s alto!! Soy la puta ama!!"
17.0,soy la puta ama de repente https://t.co/VM7MW9m7gQ https://t.co/AxEvH55CvP
18.0,"ğŸ’° Â«Repite conmigo: voy a tirar para adelante porque soy la puta ama.Â» ğŸ’° ~ Denver

Compra en ğ—™ğ—¥ğ—œğ—ğ—œğ—Ÿğ—¬.ğ—–ğ—¢ğ—  el POP de Denver con envÃ­os al dÃ­a siguiente muy bien protegidos con papel de burbuja. âœ…

Compra aquÃ­ â¡ https://t.co/tYej83p0Ip https://t.co/taxSv2he1s"
19.0,"#WordleCAT 22 4/6

â¬œâ¬œâ¬œğŸŸ¨ğŸŸ¨
ğŸŸ¨ğŸŸ¨â¬œğŸŸ¨â¬œ
â¬œâ¬œâ¬œğŸŸ¨ğŸŸ¨
ğŸŸ©ğŸŸ©ğŸŸ©ğŸŸ©ğŸŸ©

Juga-hi!
https://t.co/73jEVjSeyK

la puta ama ğŸ˜"
20.0,"Hablando de amor, como si no fuera una mierda.
Deseando la vie en rose, en mi puta novela utÃ³pica.
No matarÃ­a ningÃºn dragÃ³n por mi princesa amada
Ella es romÃ¡ntica y me ama con realismo.
La mÃ¡s deseada, ilustraciÃ³n y renacimiento.
Soy yo mismo, dejando pasar el momento.

Ckush"
21.0,"No me voy de la casa nomas pq amo cuando mi hermanita jade de 3 aÃ±os me dice, te amo puta y se rÃ­e y luego mi ama la regaÃ±ağŸ˜ğŸ˜ğŸ˜"
22.0,"@iLHHGF98 yo tengo una q dice ""no te creas tan importante yo no camino para atras como un cangrejo"" y ""no solo soy una cara bonita"" y ""soy la puta ama"" DIOS JAJDUAUS"
23.0,"que hijos de mil puta encima esa piba literalmente LOS AMA pis, era la mas feliz del mundo cuando th subiÃ³ su cover a ig seria incapaz de hablar asi de ellos que forros del culo la verdad"
24.0,@EdieQ Nairobi. Es ruda. Sensible. Amiga. Criminal. Una rata. La puta ama.
0.0,Por quÃ© serÃ¡ que me gusta lo que no puedo tener
1.0,"Cada vez que voy a lo de mi mamÃ¡, me hace sentir que le iluminÃ³ la vida!! A LucÃ­a no le gusta este tweet ğŸ˜ğŸ¤ªğŸ˜‚"
2.0,Me gusta la pizza con ananÃ¡ y las empanadas con pasas de uvas. Alguien para cagarse a trompadas o ke onda
3.0,Me gusta que busques el diÃ¡logo y finalizas todo con un abrazo
4.0,"Me levantÃ© con la sertesa, de quÃ© tal vez nunca sea el tipo de hombre que le gusta a la que me gusta y uno no puede andar tan derrotado x la vida."
5.0,Me gusta que su trauma sea algo que se trate con calma y no las palabras bonitas y que se vaya todo https://t.co/KyfULLUZGA
6.0,"Eu me re gusta, salgo el gorro https://t.co/fMUUqOe602 https://t.co/L79FOJG9rU"
7.0,"@pereajacque Culo NO es vulgaridad, es una palabra mas quebse utiliza como adjetivo calificativo. Del resto no puedo decir mas nada porque no me gusta la politica ni el sector publico."
8.0,"Si viene Amarilla, me gusta el equipo que se puede armar. Yo haria un intento por Briasco que esta tapado en Boca para jugar de extremo."
9.0,"Nunca etiqueto a nadie en sorteos porque no me gusta molestar. Pero ese set de dados estÃ¡ muy bonito, asÃ­ que se aguantan."
10.0,"@7Marquezg EstÃ¡ idea me gusta lucÃ­a, a demÃ¡s que le damos un poco mÃ¡s de dinamismo a ese Ãºltimo tercio del campo... Esta temporada no tenemos tiempo de probar cosas porque el tiempo apremio pero no perdemos nada intentÃ¡ndolo"
11.0,"@JaimeVe16890648 @gladysechaiz @PedroCastilloTe @pcmperu @MinjusDH_Peru @Poder_Judicial_ @FiscaliaPeru A diferencia d ud yo no tengo ideologÃ­as, solo opino como un ciudadano libre q no me gusta ver q 130   tengan tanto poder, ya pase tanto para poder tener una postura muy clara"
12.0,"@CIinIsbuz @ArturoVilla_ Los me gusta no tienen el significado de que la gente estÃ© de acuerdo con el mensaje. Se utiliza para darle notoriedad, guardarlo y mostrar a la luz el mensaje de un genocida"
13.0,"@fergonzzz Mientras los dirigentes sean tan idiotas como ese no vamos a avanzar. Yo soy tranquilo , no tomo , no me drogo y le quiero pegar al Gil ese. ImagÃ­nate un q va a la barra , le gusta el basket , toma y se droga .... No es justificante , pero es lo q pasa despuÃ©s , paga otro.."
14.0,"@PotiPotiInLove @ninya_repolIo No me gusta nada vox, nada de nada pero estas cosas son una exageraciÃ³n dignas del partido al que el emblema hace alusiÃ³n.
Si echas un vistazo a las propuestas econÃ³micas del programa de vox, no concuerdan con la ideologÃ­a nazi. Esque no casan ni con el propio fascismo"
15.0,estudio algo con salidas o algo que me gusta?
16.0,@DraMoodMemes Las mujeres se ven hermosas con vestidos. Mi esposa se ve increible. Me gusta mucho cuando lo hace.
17.0,"@GansoJuegos Yap, depende siempre de los mazos y eso pero eso al final todos los tcgs si quieres jugar algo mÃ¡s o menos ""serio"" te piden dinero

Digimon me gusta porque al menos se que no hay rotaciÃ³n ni nada asÃ­"
18.0,Que me gusta esta exigencia https://t.co/kImKrK8eQv
19.0,"- Legancita casi le escribo un capÃ­tulo de libro, y ud: fresco ğŸ¤£ğŸ˜‚ğŸ¤£
- Me gusta leer asÃ­ que el prÃ³ximo mensaje que sea mÃ¡s largo JAJAJAJAJA ğŸ¤£"
20.0,Lo que mÃ¡s me gusta de lo questÃ¡ hasiendo Sergio es Negredo-Choco
21.0,"@heinzmann31 No me gusta para nada. No me cantaste mas refuerzos, sos puro humo me pareceğŸ¤£"
22.0,"@TrenzaDeUtopias @malditocracia Claro. Totalmente, me gusta como piensa ud https://t.co/4vFODgFcJZ"
23.0,No me gusta el invierno
24.0,@TwitchES lo reconozco soy gay en la puerta de la siesta y me ha dicho que no me gusta mucho la atenciÃ³n prestada y quedÃ³ atenta a sus Ã³rdenes para cualquier duda o comentario estamos a la biblioteca de la siesta y me ha dicho que no me gusta mucho la atenciÃ³n prestada.
0.0,Que lindo sentarse en pedo a almorzar jajajajğŸ¤£ğŸ¤£â¤ï¸
1.0,@staryuukiii Que lindo corazoncito tienesâ¤ğŸ¥°
2.0,"@iandrewsgf no amigas yo las quiero porque son lo mÃ¡s lindo que me dio la vida, su amistad... una de las cosas mÃ¡s bellas del mundo, no podrÃ­a vivir sin ustedes, son mi motor de arranque, las amoğŸ˜"
3.0,Amigo que lindo dÃ­a para los mates y fÃºtbol
4.0,"@Angel_Yongbok Que lindo Chan, en fin hola"
5.0,"""Es el estadio mÃ¡s lindo que hay en el paÃ­s, los cambios te dan un aire diferente sobre todo porque las cosas no estÃ¡n saliendo, ojalÃ¡ podamos tener un buen combo"" ğŸ—£ï¸Rodrigo Rojas, jugador de #SoldeAmÃ©rica

#VersusRadio. 

@Universo970py @SomosGENAhora https://t.co/onBJJ4I55U"
6.0,"@Sergio09590139 Alalalalaaa que llueve lindo por esos lares ja acÃ¡ en San NicolÃ¡s si sumamos los tres Ãºltimos dÃ­as mÃ¡s hoy lloviÃ³ 0,5 mm las nubes solo pasan"
7.0,Lo lindo que esta para dormir toda la tarde y trabajoâ˜¹ï¸
8.0,Bruno es lo mÃ¡s lindo que existe... Gracias amor de mi vida por hacerme la mina mÃ¡s felizâ¤ï¸âœ¨
9.0,@Aracely54051891 Buenos dÃ­as Sol ğŸ‘‹ que tengas un lindo dÃ­a ğŸ‘‹ğŸ‘‹
10.0,"Buen dÃ­a a todxs! 
Lo Ãºnico positivo de estar aislado es el tiempo que uno tiene
Hoy le metimos al horno de lo lindo, banana bread, pan de molde y de paso mechamos un pancito de MM. https://t.co/3LZVNqWBNj"
11.0,"gmm mutis, que tengan un lindo dÃ­a Â¿me dicen gm? ğŸ˜ğŸ’"
12.0,OMGNGNGKGJR NOOO LA DE CHILEEğŸ˜­ğŸ˜­ğŸ˜­ğŸ’”ğŸ’” QUE LINDO QUE ES ;(( https://t.co/QUR269iW3o
13.0,que lindo era coincidir con vos
14.0,"spoiler manga tr 239 âš ï¸
.
.
.
.
.
.
.
 mitsuya solo se estaba tomando un tiempo para dejarnos a todos babeando no puede ser que estÃ© tan lindo miren lo genial que le queda ese rapado con su tatuaje ayuds https://t.co/SPYvSRfEoP"
15.0,Que lindo que estÃ¡ el dÃ­ağŸ˜
16.0,"te amo mucho mucho te dire algo mÃ¡s lindo mÃ¡s tarde es que me voy despertando ğŸ˜­

#HappyJimin9600Days
#ì§€ë¯¼_íƒœì–´ë‚œì§€_9600ì¼_ì‚¬ë‘í•´
#ì§€ë¯¼ì•„9600ì¼ì¶•í•˜í•´ https://t.co/GvOysfc12s"
17.0,@Froylan_FC Gracias mi querido amigo que tengas un lindo fin de semana te mando un fuerte abrazo buenos dÃ­as FroyğŸ™ğŸŒ¹ğŸ¤—
18.0,Que lindo plan salir a desayunar
19.0,@aro_rojas @LaBrujitaBuena_ @chilenalibertar @yennesy @IsaRo3012 @EnojadoChileno @RRRI2629 @osvaldoeirl @gabrielboric @AndreaPeaceCL @ChilenaDeCora11 @SilvanaNHR @YBushart @Luis_Olivaress_ @Maraboli65 @Felisaplaza7 @TauOmega3 @paoleague @Vera33138125 @sin_socialismo @ViveresXimena @cambio_libertad @epavelmo @condorito_2020 @falcaf @ketty2409 @taco_angos @TShelby55543059 @JMilei @JOchoanarvaez @LaBoTqD @arturoquint3 @WadeWilson593 @cglu123 @CancelTheCato @YulianaZM @SANANCIZAR @Alexuz2010 @Schloesser_BaWu @Alonso_miguel7 @jjacho52 Awwww que tierno..lindo dÃ­a para ti tambiÃ©n.ğŸ¥°ğŸ¤—ğŸ¤—ğŸ¤— https://t.co/RTZgAk8l1j
20.0,Que lindo sabado para salir por la muralla
21.0,me puse triste que lindo https://t.co/UdLljw2kqf
22.0,@chupete_69_ @RosaTolerante Que lindo! Donde sueles recoger tu mes...los rojos acostumbrados a recibir sin hacer nada.ğŸ˜†
23.0,[#ElMarginal4] â€œCon Juan tenemos una sinergia que no es fÃ¡cil de encontrar y logramos algo muy lindo juntosâ€ Martina GusmÃ¡n en #AgarrateCatalina con @CatalinaDlugi por https://t.co/IFJW31kxGs https://t.co/RBBVGN8uho
24.0,lo Ãºnico lindo de cuando vuelva a junÃ­n es que al otro dÃ­a me tengo que ir a tatuar ğŸ˜
0.0,@lapolacaRoxy Vos tenes q tener a tu lado a un hombre q dedique su tiempo a vos y darte mucho amor comprension ternura y q tus dias a su lado sea de lo mas hermoso bue es lo q yo pienso
1.0,"@DanisRenteria @quepasaencalive @CaliWebCo @CaliesCaliCOL Por este nivel de funcionarios es, entre otras cosas, que Cali estÃ¡ un poco jodida.CÃ³mo asÃ­ que amor por el deporte? Ud @DanisRenteria por lo menos tiene idea de quÃ© es una vÃ­a pÃºblica y cuÃ¡les son las disciplinas deportivas y sus requerimientos para la prÃ¡ctica? @MovilidadCali"
2.0,@agustinakraus El mensaje de tu hermano es mas sincero y demuestra un amor mÃ¡s puro.
3.0,"Si ya le estaban haciendo un cateterismo en el corazÃ³n, Â¿quÃ© les costaba infiltrarle un poquito de compasiÃ³n por los niÃ±os con #CÃ¡ncer, o una dosis mÃ­nima de amor por MÃ©xico? Con eso serÃ­a suficiente. Ya no hablemos de extirparle sus deseos de venganza porque se tapa el catÃ©ter."
4.0,"Ya fue suficiente tantos dÃ­as sin verte, eres una adicciÃ³n y un amor que hace falta ver, siiiiiii hoy vuelve el blanco y no hay mÃ¡s ilusiÃ³n que volverte a ver ğŸ‡®ğŸ‡¹âš½ï¸ğŸ¤"
5.0,"@RolandoR_17 @FdeIzquierda @Fte_Izquierda Lee un poquito mi amor, sÃ¡cate la camiseta de trosko.  Ya no esta de moda. Y no me des lecciones de historia, no las necesito. No sÃ© tarta de estudiar, se trata de vivir en Argentina, tener un poquito de sentido comÃºn y memoria."
6.0,"lo miro a mi novio y pienso en q es el amor de mi vida, lo miro un rato mas y pienso en el pendejo d mierda q es"
7.0,"no todos somos camilo y evaluna porque el amor es frÃ¡gil desaparece, si no lo cuidas se esfuma y creo que es mejor que tÃº y yo nos demos un tiempo y cuando te diga lo siento va a ser porque sÃ­ lo siento"
8.0,"@PulletPork_P Pero si la pelada es un amor, por algo van felices. Deje la sal"
9.0,"Prefiero un amor de los que se notan en la mirada, y no de los que salen en tantas fotos"
10.0,"@ferpaints JAJAJJAJAJAJAJJAJAJAJAJAJJAJAJA
""Eres un imbÃ©cil, âœ¨amorâœ¨"
11.0,"@HsLtlov aghhh un asco todo, espero pronto se solucione amor &lt;3"
12.0,"@hugoteran681 @Pableinsalv @panchoteran Osea tienes a un poco de VAGOS en puestos estratÃ©gicos del gobierno y algunos como diplomÃ¡ticos por pagar favores, ganando un dineral, y quieres que los emprendedores den gratis su trabajo por amor a la patria? Creo que en cuyo caso tu vendas encebollado, ni el chifle das gratis!"
13.0,"Amor es solo un tweet 
-el tweet: https://t.co/QXv54ANBfX"
14.0,Lo peor de todo es que lo dicen de forma despectiva y re que ir a terapia es un acto de amor y una de las mejores cosas que podÃ©s hacer https://t.co/AhGclnwBay
15.0,@fkvirgenn Buenos dÃ­as amor un besote
16.0,"ğŸ‡ªğŸ‡¨ECU-ARMYğŸ‡ªğŸ‡¨

Buenos dÃ­as y que tengan un excelente fin de semana, recuerden full stream y apoyo a los chicos ğŸ’ªâ˜ºï¸

El dÃ­a de hoy es dedicado a nuestro precioso Tae ğŸ¥ºğŸ¥° asÃ­ que dÃ©mosle mucho amor a sus canciones y porfa cuÃ­dense mucho ğŸ˜‰

#StreamFor_V @BTS_twt https://t.co/aNsvUjNgOx"
17.0,@aline_cris32 Hermosa mÃ­ amor y un excelente fin de semana EXTRAORDINER para todos los tuyos ğŸŒğŸ‡¦ğŸ‡·ğŸŒğŸ˜ğŸ˜ğŸ˜ğŸ˜ğŸ˜ğŸ˜ğŸ˜ğŸ˜ğŸ˜ğŸ˜y muy buena salud ğŸ‡¦ğŸ‡·
18.0,"@ori_caminiti Caaaallese mujer, que habla que dice que recita que exclama que comunica que emite que profeta que expresa que anuncia que twiteaaaaaaa??????? 

Sos la mejor novia del multiverso, un FLOR DE BOMBON de mujer y una compaÃ±era que me da un amor inconmensurable. Te amo â¤"
19.0,"Un atardecer, una botella de vino, tÃº y tÃº persona favorita! ğŸ¥°ğŸŒ… DeclÃ¡rale su amor ğŸ§¡ 
No te lo imagines. Y vive esa experiencia. 
ComunÃ­cate con nosotros, y te brindaremos una asesorÃ­a personalizada para que escojas el yate adecuado. 
#Salinas #SantaElena #Ecuador #tourism https://t.co/5AVAx3X8XA"
20.0,"los geminianos son las personas mas raras tipo, a todos los que conozco como que les tengo un sentimiento de amor-odio ğŸ§â€â™€ï¸ https://t.co/CyKdifJUGb"
21.0,"la manera en que ese pibe me empezÃ³ a caer mal es increÃ­ble, del amor al odio solo hay un paso dicen por ahÃ­"
22.0,@TuCaraMSuena Agoney es un amor a parte de un artistazo #TCMS9
23.0,@sozita_LST Amor entÃ©rate que un prÃ©stamo cualquier banco te lo otorga... Que tengas una buena idea de negocio ya no depende de si estÃ¡s en Holanda o Argentina
24.0,"una vez un sabio dijo: 
""Regalame tu corazÃ³n, dejame entrar, a ese lugar, donde nacen las flores, donde nace el amor"""
